{
    "display": {
        "icon": {
            "item": "minecraft:sugar_cane"
        },
        "title": {"translate":"Sugar, Sugar"},
        "description": {"translate":"Harvest some sugar cane from a river or ocean"}
    },
    "parent": "blazeandcave:farming/care_for_the_environment",
	"rewards": {
		"function": "bc_rewards:farming/sugar_sugar"
    },		
    "criteria": {
        "sugar_cane": {
            "trigger": "minecraft:inventory_changed",
            "conditions": {
                "items": [
                    {
                        "item": "minecraft:sugar_cane"
                    }
                ]
            }
        }
    }
}