{
    "display": {
        "icon": {
            "item": "minecraft:composter"
        },
        "title": {"translate":"The garbage will do!"},
        "description": {"translate":"Craft a composter using wooden slabs then place it"}
    },
    "parent": "minecraft:husbandry/plant_seed",
	"rewards": {
		"function": "bc_rewards:farming/the_garbage_will_do"
    },		
    "criteria": {
        "composter": {
            "trigger": "minecraft:placed_block",
            "conditions": {
                "block": "minecraft:composter"
            }
        }
    }
}