{
    "display": {
        "icon": {
            "item": "minecraft:oak_planks"
        },
        "title": {"translate":"Building Milestone"},
        "description": {"translate":"Complete every advancement in the Building tab"},
		"frame": "goal"
    },
    "parent": "blazeandcave:bacap/mining_milestone",
	"rewards": {
		"experience": 500,
		"function": "bc_rewards:bacap/building_milestone"
    },		
    "criteria": {
        "a_masterpiece": {
            "trigger": "minecraft:location",
			"conditions": {
				"player":  {
					"player": {
						"advancements": {
							"blazeandcave:building/a_masterpiece": "true"
						}
					}
				}
			}
        },
        "ah_my_old_enemy": {
            "trigger": "minecraft:location",
			"conditions": {
				"player":  {
					"player": {
						"advancements": {
							"blazeandcave:building/ah_my_old_enemy": "true"
						}
					}
				}
			}
        },
		"and_open": {
            "trigger": "minecraft:location",
			"conditions": {
				"player":  {
					"player": {
						"advancements": {
							"blazeandcave:building/and_open": "true"
						}
					}
				}
			}
        },
		"art_gallery": {
            "trigger": "minecraft:location",
			"conditions": {
				"player":  {
					"player": {
						"advancements": {
							"blazeandcave:building/art_gallery": "true"
						}
					}
				}
			}
        },
		"barking_mad": {
            "trigger": "minecraft:location",
			"conditions": {
				"player":  {
					"player": {
						"advancements": {
							"blazeandcave:building/barking_mad": "true"
						}
					}
				}
			}
        },
		"barrel_rider": {
            "trigger": "minecraft:location",
			"conditions": {
				"player":  {
					"player": {
						"advancements": {
							"blazeandcave:building/barrel_rider": "true"
						}
					}
				}
			}
        },
		"bricks": {
            "trigger": "minecraft:location",
			"conditions": {
				"player":  {
					"player": {
						"advancements": {
							"blazeandcave:building/bricks": "true"
						}
					}
				}
			}
        },
		"change_of_sheets": {
            "trigger": "minecraft:location",
			"conditions": {
				"player":  {
					"player": {
						"advancements": {
							"blazeandcave:building/change_of_sheets": "true"
						}
					}
				}
			}
        },
		"classy_glassy": {
            "trigger": "minecraft:location",
			"conditions": {
				"player":  {
					"player": {
						"advancements": {
							"blazeandcave:building/classy_glassy": "true"
						}
					}
				}
			}
        },
		"clay_dough": {
            "trigger": "minecraft:location",
			"conditions": {
				"player":  {
					"player": {
						"advancements": {
							"blazeandcave:building/clay_dough": "true"
						}
					}
				}
			}
        },
		"concrete_evidence": {
            "trigger": "minecraft:location",
			"conditions": {
				"player":  {
					"player": {
						"advancements": {
							"blazeandcave:building/concrete_evidence": "true"
						}
					}
				}
			}
        },
		"crazy_walls": {
            "trigger": "minecraft:location",
			"conditions": {
				"player":  {
					"player": {
						"advancements": {
							"blazeandcave:building/crazy_walls": "true"
						}
					}
				}
			}
        },
		"creepers_and_withers": {
            "trigger": "minecraft:location",
			"conditions": {
				"player":  {
					"player": {
						"advancements": {
							"blazeandcave:building/creepers_and_withers": "true"
						}
					}
				}
			}
        },
		"cut_in_half": {
            "trigger": "minecraft:location",
			"conditions": {
				"player":  {
					"player": {
						"advancements": {
							"blazeandcave:building/cut_in_half": "true"
						}
					}
				}
			}
        },
		"display_your_items_for_all_to_see": {
            "trigger": "minecraft:location",
			"conditions": {
				"player":  {
					"player": {
						"advancements": {
							"blazeandcave:building/display_your_items_for_all_to_see": "true"
						}
					}
				}
			}
        },
		"electric": {
            "trigger": "minecraft:location",
			"conditions": {
				"player":  {
					"player": {
						"advancements": {
							"blazeandcave:building/electric": "true"
						}
					}
				}
			}
        },
		"en_garde": {
            "trigger": "minecraft:location",
			"conditions": {
				"player":  {
					"player": {
						"advancements": {
							"blazeandcave:building/en_garde": "true"
						}
					}
				}
			}
        },
		"expensive": {
            "trigger": "minecraft:location",
			"conditions": {
				"player":  {
					"player": {
						"advancements": {
							"blazeandcave:building/expensive": "true"
						}
					}
				}
			}
        },
		"fake_fortress": {
            "trigger": "minecraft:location",
			"conditions": {
				"player":  {
					"player": {
						"advancements": {
							"blazeandcave:building/fake_fortress": "true"
						}
					}
				}
			}
        },
		"fake_monument": {
            "trigger": "minecraft:location",
			"conditions": {
				"player":  {
					"player": {
						"advancements": {
							"blazeandcave:building/fake_monument": "true"
						}
					}
				}
			}
        },
		"fake_stronghold": {
            "trigger": "minecraft:location",
			"conditions": {
				"player":  {
					"player": {
						"advancements": {
							"blazeandcave:building/fake_stronghold": "true"
						}
					}
				}
			}
        },
		"festival_of_lights": {
            "trigger": "minecraft:location",
			"conditions": {
				"player":  {
					"player": {
						"advancements": {
							"blazeandcave:building/festival_of_lights": "true"
						}
					}
				}
			}
        },
		"fluorescent": {
            "trigger": "minecraft:location",
			"conditions": {
				"player":  {
					"player": {
						"advancements": {
							"blazeandcave:building/fluorescent": "true"
						}
					}
				}
			}
        },
		"fruit_of_the_looms": {
            "trigger": "minecraft:location",
			"conditions": {
				"player":  {
					"player": {
						"advancements": {
							"blazeandcave:building/fruit_of_the_looms": "true"
						}
					}
				}
			}
        },
		"glowing": {
            "trigger": "minecraft:location",
			"conditions": {
				"player":  {
					"player": {
						"advancements": {
							"blazeandcave:building/glowing": "true"
						}
					}
				}
			}
        },
		"greek_art_decor": {
            "trigger": "minecraft:location",
			"conditions": {
				"player":  {
					"player": {
						"advancements": {
							"blazeandcave:building/greek_art_decor": "true"
						}
					}
				}
			}
        },
		"halloween": {
            "trigger": "minecraft:location",
			"conditions": {
				"player":  {
					"player": {
						"advancements": {
							"blazeandcave:building/halloween": "true"
						}
					}
				}
			}
        },
		"i_dont_like_sand": {
            "trigger": "minecraft:location",
			"conditions": {
				"player":  {
					"player": {
						"advancements": {
							"blazeandcave:building/i_dont_like_sand": "true"
						}
					}
				}
			}
        },
		"insomniac": {
            "trigger": "minecraft:location",
			"conditions": {
				"player":  {
					"player": {
						"advancements": {
							"blazeandcave:building/insomniac": "true"
						}
					}
				}
			}
        },
		"its_a_sign": {
            "trigger": "minecraft:location",
			"conditions": {
				"player":  {
					"player": {
						"advancements": {
							"blazeandcave:building/its_a_sign": "true"
						}
					}
				}
			}
        },
		"its_a_trap": {
            "trigger": "minecraft:location",
			"conditions": {
				"player":  {
					"player": {
						"advancements": {
							"blazeandcave:building/its_a_trap": "true"
						}
					}
				}
			}
        },
		"jailhouse_block": {
            "trigger": "minecraft:location",
			"conditions": {
				"player":  {
					"player": {
						"advancements": {
							"blazeandcave:building/jailhouse_block": "true"
						}
					}
				}
			}
        },
		"ladder_climbers_inc": {
            "trigger": "minecraft:location",
			"conditions": {
				"player":  {
					"player": {
						"advancements": {
							"blazeandcave:building/ladder_climbers_inc": "true"
						}
					}
				}
			}
        },
		"lost_its_bark": {
            "trigger": "minecraft:location",
			"conditions": {
				"player":  {
					"player": {
						"advancements": {
							"blazeandcave:building/lost_its_bark": "true"
						}
					}
				}
			}
        },
		"mannequin": {
            "trigger": "minecraft:location",
			"conditions": {
				"player":  {
					"player": {
						"advancements": {
							"blazeandcave:building/mannequin": "true"
						}
					}
				}
			}
        },
		"master_logger": {
            "trigger": "minecraft:location",
			"conditions": {
				"player":  {
					"player": {
						"advancements": {
							"blazeandcave:building/master_logger": "true"
						}
					}
				}
			}
        },
		"no_banner_only_color": {
            "trigger": "minecraft:location",
			"conditions": {
				"player":  {
					"player": {
						"advancements": {
							"blazeandcave:building/no_banner_only_color": "true"
						}
					}
				}
			}
        },
		"pathways": {
            "trigger": "minecraft:location",
			"conditions": {
				"player":  {
					"player": {
						"advancements": {
							"blazeandcave:building/pathways": "true"
						}
					}
				}
			}
        },
		"pot_planter": {
            "trigger": "minecraft:location",
			"conditions": {
				"player":  {
					"player": {
						"advancements": {
							"blazeandcave:building/pot_planter": "true"
						}
					}
				}
			}
        },
		"prepare_to_meet_your_loom": {
            "trigger": "minecraft:location",
			"conditions": {
				"player":  {
					"player": {
						"advancements": {
							"blazeandcave:building/prepare_to_meet_your_loom": "true"
						}
					}
				}
			}
        },
		"professor_birch": {
            "trigger": "minecraft:location",
			"conditions": {
				"player":  {
					"player": {
						"advancements": {
							"blazeandcave:building/professor_birch": "true"
						}
					}
				}
			}
        },
		"professor_dark_oak": {
            "trigger": "minecraft:location",
			"conditions": {
				"player":  {
					"player": {
						"advancements": {
							"blazeandcave:building/professor_dark_oak": "true"
						}
					}
				}
			}
        },
		"professor_oak": {
            "trigger": "minecraft:location",
			"conditions": {
				"player":  {
					"player": {
						"advancements": {
							"blazeandcave:building/professor_oak": "true"
						}
					}
				}
			}
        },
		"rainbow_dreams": {
            "trigger": "minecraft:location",
			"conditions": {
				"player":  {
					"player": {
						"advancements": {
							"blazeandcave:building/rainbow_dreams": "true"
						}
					}
				}
			}
        },
		"rainbow_sand": {
            "trigger": "minecraft:location",
			"conditions": {
				"player":  {
					"player": {
						"advancements": {
							"blazeandcave:building/rainbow_sand": "true"
						}
					}
				}
			}
        },
		"raise_the_flag": {
            "trigger": "minecraft:location",
			"conditions": {
				"player":  {
					"player": {
						"advancements": {
							"blazeandcave:building/raise_the_flag": "true"
						}
					}
				}
			}
        },
		"rock_collection": {
            "trigger": "minecraft:location",
			"conditions": {
				"player":  {
					"player": {
						"advancements": {
							"blazeandcave:building/rock_collection": "true"
						}
					}
				}
			}
        },
		"root": {
            "trigger": "minecraft:location",
			"conditions": {
				"player":  {
					"player": {
						"advancements": {
							"blazeandcave:building/root": "true"
						}
					}
				}
			}
        },
		"slabs_for_days": {
            "trigger": "minecraft:location",
			"conditions": {
				"player":  {
					"player": {
						"advancements": {
							"blazeandcave:building/slabs_for_days": "true"
						}
					}
				}
			}
        },
		"speech_speech_speech": {
            "trigger": "minecraft:location",
			"conditions": {
				"player":  {
					"player": {
						"advancements": {
							"blazeandcave:building/speech_speech_speech": "true"
						}
					}
				}
			}
        },
		"spruce_lee": {
            "trigger": "minecraft:location",
			"conditions": {
				"player":  {
					"player": {
						"advancements": {
							"blazeandcave:building/spruce_lee": "true"
						}
					}
				}
			}
        },
		"stairs_no": {
            "trigger": "minecraft:location",
			"conditions": {
				"player":  {
					"player": {
						"advancements": {
							"blazeandcave:building/stairs_no": "true"
						}
					}
				}
			}
        },
		"stationary_storage": {
            "trigger": "minecraft:location",
			"conditions": {
				"player":  {
					"player": {
						"advancements": {
							"blazeandcave:building/stationary_storage": "true"
						}
					}
				}
			}
        },
		"stripper": {
            "trigger": "minecraft:location",
			"conditions": {
				"player":  {
					"player": {
						"advancements": {
							"blazeandcave:building/stripper": "true"
						}
					}
				}
			}
        },
		"sweet_dreams": {
            "trigger": "minecraft:location",
			"conditions": {
				"player":  {
					"player": {
						"advancements": {
							"minecraft:adventure/sleep_in_bed": "true"
						}
					}
				}
			}
        },
		"the_acacia_king": {
            "trigger": "minecraft:location",
			"conditions": {
				"player":  {
					"player": {
						"advancements": {
							"blazeandcave:building/the_acacia_king": "true"
						}
					}
				}
			}
        },
		"the_glazed_terracotta_army": {
            "trigger": "minecraft:location",
			"conditions": {
				"player":  {
					"player": {
						"advancements": {
							"blazeandcave:building/the_glazed_terracotta_army": "true"
						}
					}
				}
			}
        },
		"the_jungler": {
            "trigger": "minecraft:location",
			"conditions": {
				"player":  {
					"player": {
						"advancements": {
							"blazeandcave:building/the_jungler": "true"
						}
					}
				}
			}
        },
		"the_rainbow_you_always_wanted": {
            "trigger": "minecraft:location",
			"conditions": {
				"player":  {
					"player": {
						"advancements": {
							"blazeandcave:building/the_rainbow_you_always_wanted": "true"
						}
					}
				}
			}
        },
		"the_terracotta_army": {
            "trigger": "minecraft:location",
			"conditions": {
				"player":  {
					"player": {
						"advancements": {
							"blazeandcave:building/the_terracotta_army": "true"
						}
					}
				}
			}
        },
		"the_walls": {
            "trigger": "minecraft:location",
			"conditions": {
				"player":  {
					"player": {
						"advancements": {
							"blazeandcave:building/the_walls": "true"
						}
					}
				}
			}
        },
		"torched": {
            "trigger": "minecraft:location",
			"conditions": {
				"player":  {
					"player": {
						"advancements": {
							"blazeandcave:building/torched": "true"
						}
					}
				}
			}
        },
		"translucence": {
            "trigger": "minecraft:location",
			"conditions": {
				"player":  {
					"player": {
						"advancements": {
							"blazeandcave:building/translucence": "true"
						}
					}
				}
			}
        },
		"what_a_pane": {
            "trigger": "minecraft:location",
			"conditions": {
				"player":  {
					"player": {
						"advancements": {
							"blazeandcave:building/what_a_pane": "true"
						}
					}
				}
			}
        },
		"yay_i_got_my_wood": {
            "trigger": "minecraft:location",
			"conditions": {
				"player":  {
					"player": {
						"advancements": {
							"blazeandcave:building/yay_i_got_my_wood": "true"
						}
					}
				}
			}
        },
		"your_door_was_locked": {
            "trigger": "minecraft:location",
			"conditions": {
				"player":  {
					"player": {
						"advancements": {
							"blazeandcave:building/your_door_was_locked": "true"
						}
					}
				}
			}
        },
		"grass_type": {
            "trigger": "minecraft:location",
			"conditions": {
				"player":  {
					"player": {
						"advancements": {
							"blazeandcave:building/grass_type": "true"
						}
					}
				}
			}
        },
		"shroom_lightyear": {
            "trigger": "minecraft:location",
			"conditions": {
				"player":  {
					"player": {
						"advancements": {
							"blazeandcave:building/shroom_lightyear": "true"
						}
					}
				}
			}
        },
		"cerulean": {
            "trigger": "minecraft:location",
			"conditions": {
				"player":  {
					"player": {
						"advancements": {
							"blazeandcave:building/cerulean": "true"
						}
					}
				}
			}
        },
		"let_there_be_light": {
            "trigger": "minecraft:location",
			"conditions": {
				"player":  {
					"player": {
						"advancements": {
							"blazeandcave:building/let_there_be_light": "true"
						}
					}
				}
			}
        },
		"no_chain_no_gain": {
            "trigger": "minecraft:location",
			"conditions": {
				"player":  {
					"player": {
						"advancements": {
							"blazeandcave:building/no_chain_no_gain": "true"
						}
					}
				}
			}
        },
		"blackstonehenge": {
            "trigger": "minecraft:location",
			"conditions": {
				"player":  {
					"player": {
						"advancements": {
							"blazeandcave:building/blackstonehenge": "true"
						}
					}
				}
			}
        },
		"colors_of_the_wind": {
            "trigger": "minecraft:location",
			"conditions": {
				"player":  {
					"player": {
						"advancements": {
							"blazeandcave:building/colors_of_the_wind": "true"
						}
					}
				}
			}
        }
    }
}