{
    "display": {
        "icon": {
            "item": "minecraft:cobblestone"
        },
        "title": {"translate":"Mining Milestone"},
        "description": {"translate":"Complete every advancement in the Mining tab"},
		"frame": "goal"
    },
    "parent": "blazeandcave:bacap/time_to_farm",
	"rewards": {
		"experience": 500,
		"function": "bc_rewards:bacap/mining_milestone"
    },		
    "criteria": {
        "acquire_hardware": {
            "trigger": "minecraft:location",
			"conditions": {
				"player":  {
					"player": {
						"advancements": {
							"minecraft:story/smelt_iron": "true"
						}
					}
				}
			}
        },
        "beethoven": {
            "trigger": "minecraft:location",
			"conditions": {
				"player":  {
					"player": {
						"advancements": {
							"blazeandcave:mining/beethoven": "true"
						}
					}
				}
			}
        },
		"blast_it": {
            "trigger": "minecraft:location",
			"conditions": {
				"player":  {
					"player": {
						"advancements": {
							"blazeandcave:mining/blast_it": "true"
						}
					}
				}
			}
        },
		"bling_bling_gone": {
            "trigger": "minecraft:location",
			"conditions": {
				"player":  {
					"player": {
						"advancements": {
							"blazeandcave:mining/bling_bling_gone": "true"
						}
					}
				}
			}
        },
		"bubble_bubble_toil_and_trouble": {
            "trigger": "minecraft:location",
			"conditions": {
				"player":  {
					"player": {
						"advancements": {
							"blazeandcave:mining/bubble_bubble_toil_and_trouble": "true"
						}
					}
				}
			}
        },
		"camping_out": {
            "trigger": "minecraft:location",
			"conditions": {
				"player":  {
					"player": {
						"advancements": {
							"blazeandcave:mining/camping_out": "true"
						}
					}
				}
			}
        },
		"chestful_of_cobblestone": {
            "trigger": "minecraft:location",
			"conditions": {
				"player":  {
					"player": {
						"advancements": {
							"blazeandcave:mining/chestful_of_cobblestone": "true"
						}
					}
				}
			}
        },
		"classic_pocket_edition_block": {
            "trigger": "minecraft:location",
			"conditions": {
				"player":  {
					"player": {
						"advancements": {
							"blazeandcave:mining/classic_pocket_edition_block": "true"
						}
					}
				}
			}
        },
		"coal_miner": {
            "trigger": "minecraft:location",
			"conditions": {
				"player":  {
					"player": {
						"advancements": {
							"blazeandcave:mining/coal_miner": "true"
						}
					}
				}
			}
        },
		"cover_me_with_diamonds": {
            "trigger": "minecraft:location",
			"conditions": {
				"player":  {
					"player": {
						"advancements": {
							"minecraft:story/shiny_gear": "true"
						}
					}
				}
			}
        },
		"diamond_clad": {
            "trigger": "minecraft:location",
			"conditions": {
				"player":  {
					"player": {
						"advancements": {
							"blazeandcave:mining/diamond_clad": "true"
						}
					}
				}
			}
        },
		"diamond_miner": {
            "trigger": "minecraft:location",
			"conditions": {
				"player":  {
					"player": {
						"advancements": {
							"blazeandcave:mining/diamond_miner": "true"
						}
					}
				}
			}
        },
		"diamonds": {
            "trigger": "minecraft:location",
			"conditions": {
				"player":  {
					"player": {
						"advancements": {
							"minecraft:story/mine_diamond": "true"
						}
					}
				}
			}
        },
		"eeuuwww": {
            "trigger": "minecraft:location",
			"conditions": {
				"player":  {
					"player": {
						"advancements": {
							"blazeandcave:mining/eeuuwww": "true"
						}
					}
				}
			}
        },
		"enchanter": {
            "trigger": "minecraft:location",
			"conditions": {
				"player":  {
					"player": {
						"advancements": {
							"minecraft:story/enchant_item": "true"
						}
					}
				}
			}
        },
		"even_moar_tools": {
            "trigger": "minecraft:location",
			"conditions": {
				"player":  {
					"player": {
						"advancements": {
							"blazeandcave:mining/even_moar_tools": "true"
						}
					}
				}
			}
        },
		"flint_miner": {
            "trigger": "minecraft:location",
			"conditions": {
				"player":  {
					"player": {
						"advancements": {
							"blazeandcave:mining/flint_miner": "true"
						}
					}
				}
			}
        },
		"fossil_fuel": {
            "trigger": "minecraft:location",
			"conditions": {
				"player":  {
					"player": {
						"advancements": {
							"blazeandcave:mining/fossil_fuel": "true"
						}
					}
				}
			}
        },
		"getting_an_upgrade": {
            "trigger": "minecraft:location",
			"conditions": {
				"player":  {
					"player": {
						"advancements": {
							"minecraft:story/upgrade_tools": "true"
						}
					}
				}
			}
        },
		"gold_mine": {
            "trigger": "minecraft:location",
			"conditions": {
				"player":  {
					"player": {
						"advancements": {
							"blazeandcave:mining/gold_mine": "true"
						}
					}
				}
			}
        },
		"gold_miner": {
            "trigger": "minecraft:location",
			"conditions": {
				"player":  {
					"player": {
						"advancements": {
							"blazeandcave:mining/gold_miner": "true"
						}
					}
				}
			}
        },
		"gold_rush": {
            "trigger": "minecraft:location",
			"conditions": {
				"player":  {
					"player": {
						"advancements": {
							"blazeandcave:mining/gold_rush": "true"
						}
					}
				}
			}
        },
		"heart_of_darkness": {
            "trigger": "minecraft:location",
			"conditions": {
				"player":  {
					"player": {
						"advancements": {
							"blazeandcave:mining/heart_of_darkness": "true"
						}
					}
				}
			}
        },
		"hot_stuff": {
            "trigger": "minecraft:location",
			"conditions": {
				"player":  {
					"player": {
						"advancements": {
							"minecraft:story/lava_bucket": "true"
						}
					}
				}
			}
        },
		"hot_topic": {
            "trigger": "minecraft:location",
			"conditions": {
				"player":  {
					"player": {
						"advancements": {
							"blazeandcave:mining/hot_topic": "true"
						}
					}
				}
			}
        },
		"ice_bucket_challenge": {
            "trigger": "minecraft:location",
			"conditions": {
				"player":  {
					"player": {
						"advancements": {
							"minecraft:story/form_obsidian": "true"
						}
					}
				}
			}
        },
		"iconic_merchandising_prop": {
            "trigger": "minecraft:location",
			"conditions": {
				"player":  {
					"player": {
						"advancements": {
							"blazeandcave:mining/iconic_merchandising_prop": "true"
						}
					}
				}
			}
        },
		"iron_man": {
            "trigger": "minecraft:location",
			"conditions": {
				"player":  {
					"player": {
						"advancements": {
							"blazeandcave:mining/iron_man": "true"
						}
					}
				}
			}
        },
		"iron_miner": {
            "trigger": "minecraft:location",
			"conditions": {
				"player":  {
					"player": {
						"advancements": {
							"blazeandcave:mining/iron_miner": "true"
						}
					}
				}
			}
        },
		"isnt_it_iron_pick": {
            "trigger": "minecraft:location",
			"conditions": {
				"player":  {
					"player": {
						"advancements": {
							"minecraft:story/iron_tools": "true"
						}
					}
				}
			}
        },
		"its_original_form": {
            "trigger": "minecraft:location",
			"conditions": {
				"player":  {
					"player": {
						"advancements": {
							"blazeandcave:mining/its_original_form": "true"
						}
					}
				}
			}
        },
		"lapis_lazuli_miner": {
            "trigger": "minecraft:location",
			"conditions": {
				"player":  {
					"player": {
						"advancements": {
							"blazeandcave:mining/lapis_lazuli_miner": "true"
						}
					}
				}
			}
        },
		"living_like_kings": {
            "trigger": "minecraft:location",
			"conditions": {
				"player":  {
					"player": {
						"advancements": {
							"blazeandcave:mining/living_like_kings": "true"
						}
					}
				}
			}
        },
		"master_coal_miner": {
            "trigger": "minecraft:location",
			"conditions": {
				"player":  {
					"player": {
						"advancements": {
							"blazeandcave:mining/master_coal_miner": "true"
						}
					}
				}
			}
        },
		"master_diamond_miner": {
            "trigger": "minecraft:location",
			"conditions": {
				"player":  {
					"player": {
						"advancements": {
							"blazeandcave:mining/master_diamond_miner": "true"
						}
					}
				}
			}
        },
		"master_gold_miner": {
            "trigger": "minecraft:location",
			"conditions": {
				"player":  {
					"player": {
						"advancements": {
							"blazeandcave:mining/master_gold_miner": "true"
						}
					}
				}
			}
        },
		"master_iron_miner": {
            "trigger": "minecraft:location",
			"conditions": {
				"player":  {
					"player": {
						"advancements": {
							"blazeandcave:mining/master_iron_miner": "true"
						}
					}
				}
			}
        },
		"meet_the_flintstones": {
            "trigger": "minecraft:location",
			"conditions": {
				"player":  {
					"player": {
						"advancements": {
							"blazeandcave:mining/meet_the_flintstones": "true"
						}
					}
				}
			}
        },
		"mineral_collection": {
            "trigger": "minecraft:location",
			"conditions": {
				"player":  {
					"player": {
						"advancements": {
							"blazeandcave:mining/mineral_collection": "true"
						}
					}
				}
			}
        },
		"moar_broken_tools": {
            "trigger": "minecraft:location",
			"conditions": {
				"player":  {
					"player": {
						"advancements": {
							"blazeandcave:mining/moar_broken_tools": "true"
						}
					}
				}
			}
        },
		"moar_tools": {
            "trigger": "minecraft:location",
			"conditions": {
				"player":  {
					"player": {
						"advancements": {
							"blazeandcave:mining/moar_tools": "true"
						}
					}
				}
			}
        },
		"my_work_here_is_done": {
            "trigger": "minecraft:location",
			"conditions": {
				"player":  {
					"player": {
						"advancements": {
							"blazeandcave:mining/my_work_here_is_done": "true"
						}
					}
				}
			}
        },
		"nananananananana": {
            "trigger": "minecraft:location",
			"conditions": {
				"player":  {
					"player": {
						"advancements": {
							"blazeandcave:mining/nananananananana": "true"
						}
					}
				}
			}
        },
		"not_chicken_mcnuggets": {
            "trigger": "minecraft:location",
			"conditions": {
				"player":  {
					"player": {
						"advancements": {
							"blazeandcave:mining/not_chicken_mcnuggets": "true"
						}
					}
				}
			}
        },
		"agent_smithing_table": {
            "trigger": "minecraft:location",
			"conditions": {
				"player":  {
					"player": {
						"advancements": {
							"blazeandcave:mining/agent_smithing_table": "true"
						}
					}
				}
			}
        },
		"obsidian_miner": {
            "trigger": "minecraft:location",
			"conditions": {
				"player":  {
					"player": {
						"advancements": {
							"blazeandcave:mining/obsidian_miner": "true"
						}
					}
				}
			}
        },
		"oh_noes": {
            "trigger": "minecraft:location",
			"conditions": {
				"player":  {
					"player": {
						"advancements": {
							"blazeandcave:mining/oh_noes": "true"
						}
					}
				}
			}
        },
		"redstone_miner": {
            "trigger": "minecraft:location",
			"conditions": {
				"player":  {
					"player": {
						"advancements": {
							"blazeandcave:mining/redstone_miner": "true"
						}
					}
				}
			}
        },
		"renewable_energy": {
            "trigger": "minecraft:location",
			"conditions": {
				"player":  {
					"player": {
						"advancements": {
							"blazeandcave:mining/renewable_energy": "true"
						}
					}
				}
			}
        },
		"rest_in_pickaxes": {
            "trigger": "minecraft:location",
			"conditions": {
				"player":  {
					"player": {
						"advancements": {
							"blazeandcave:mining/rest_in_pickaxes": "true"
						}
					}
				}
			}
        },
		"rock_bottom": {
            "trigger": "minecraft:location",
			"conditions": {
				"player":  {
					"player": {
						"advancements": {
							"blazeandcave:mining/rock_bottom": "true"
						}
					}
				}
			}
        },
		"root": {
            "trigger": "minecraft:location",
			"conditions": {
				"player":  {
					"player": {
						"advancements": {
							"blazeandcave:mining/root": "true"
						}
					}
				}
			}
        },
		"seeing_red": {
            "trigger": "minecraft:location",
			"conditions": {
				"player":  {
					"player": {
						"advancements": {
							"blazeandcave:mining/seeing_red": "true"
						}
					}
				}
			}
        },
		"sharpening_station": {
            "trigger": "minecraft:location",
			"conditions": {
				"player":  {
					"player": {
						"advancements": {
							"blazeandcave:mining/sharpening_station": "true"
						}
					}
				}
			}
        },
		"smokin_hot": {
            "trigger": "minecraft:location",
			"conditions": {
				"player":  {
					"player": {
						"advancements": {
							"blazeandcave:mining/smokin_hot": "true"
						}
					}
				}
			}
        },
		"smooth_dude": {
            "trigger": "minecraft:location",
			"conditions": {
				"player":  {
					"player": {
						"advancements": {
							"blazeandcave:mining/smooth_dude": "true"
						}
					}
				}
			}
        },
		"spawn_camping": {
            "trigger": "minecraft:location",
			"conditions": {
				"player":  {
					"player": {
						"advancements": {
							"blazeandcave:mining/spawn_camping": "true"
						}
					}
				}
			}
        },
		"spelunker": {
            "trigger": "minecraft:location",
			"conditions": {
				"player":  {
					"player": {
						"advancements": {
							"blazeandcave:mining/spelunker": "true"
						}
					}
				}
			}
        },
		"stabcraft": {
            "trigger": "minecraft:location",
			"conditions": {
				"player":  {
					"player": {
						"advancements": {
							"blazeandcave:mining/stabcraft": "true"
						}
					}
				}
			}
        },
		"stone_age": {
            "trigger": "minecraft:location",
			"conditions": {
				"player":  {
					"player": {
						"advancements": {
							"minecraft:story/mine_stone": "true"
						}
					}
				}
			}
        },
		"suit_up": {
            "trigger": "minecraft:location",
			"conditions": {
				"player":  {
					"player": {
						"advancements": {
							"minecraft:story/obtain_armor": "true"
						}
					}
				}
			}
        },
		"the_mistake": {
            "trigger": "minecraft:location",
			"conditions": {
				"player":  {
					"player": {
						"advancements": {
							"blazeandcave:mining/the_mistake": "true"
						}
					}
				}
			}
        },
		"the_way_to_spawn": {
            "trigger": "minecraft:location",
			"conditions": {
				"player":  {
					"player": {
						"advancements": {
							"blazeandcave:mining/the_way_to_spawn": "true"
						}
					}
				}
			}
        },
		"the_wrong_shade_of_blue": {
            "trigger": "minecraft:location",
			"conditions": {
				"player":  {
					"player": {
						"advancements": {
							"blazeandcave:mining/the_wrong_shade_of_blue": "true"
						}
					}
				}
			}
        },
		"this_is_mine_now": {
            "trigger": "minecraft:location",
			"conditions": {
				"player":  {
					"player": {
						"advancements": {
							"blazeandcave:mining/this_is_mine_now": "true"
						}
					}
				}
			}
        },
		"washing_machine": {
            "trigger": "minecraft:location",
			"conditions": {
				"player":  {
					"player": {
						"advancements": {
							"blazeandcave:mining/washing_machine": "true"
						}
					}
				}
			}
        },
		"we_need_to_go_deeper": {
            "trigger": "minecraft:location",
			"conditions": {
				"player":  {
					"player": {
						"advancements": {
							"minecraft:story/enter_the_nether": "true"
						}
					}
				}
			}
        },
		"weve_broken_our_last_shovel": {
            "trigger": "minecraft:location",
			"conditions": {
				"player":  {
					"player": {
						"advancements": {
							"blazeandcave:mining/weve_broken_our_last_shovel": "true"
						}
					}
				}
			}
        },
		"whats_the_time_mr_wolf": {
            "trigger": "minecraft:location",
			"conditions": {
				"player":  {
					"player": {
						"advancements": {
							"blazeandcave:mining/whats_the_time_mr_wolf": "true"
						}
					}
				}
			}
        },
		"where_are_all_your_clothes": {
            "trigger": "minecraft:location",
			"conditions": {
				"player":  {
					"player": {
						"advancements": {
							"blazeandcave:mining/where_are_all_your_clothes": "true"
						}
					}
				}
			}
        },
		"oresome": {
            "trigger": "minecraft:location",
			"conditions": {
				"player":  {
					"player": {
						"advancements": {
							"blazeandcave:mining/oresome": "true"
						}
					}
				}
			}
        },
		"dungeons_and_spawners": {
            "trigger": "minecraft:location",
			"conditions": {
				"player":  {
					"player": {
						"advancements": {
							"blazeandcave:mining/dungeons_and_spawners": "true"
						}
					}
				}
			}
        },
		"steals_on_wheels": {
            "trigger": "minecraft:location",
			"conditions": {
				"player":  {
					"player": {
						"advancements": {
							"blazeandcave:mining/steals_on_wheels": "true"
						}
					}
				}
			}
        },
		"delicious_hot_schmoes": {
            "trigger": "minecraft:location",
			"conditions": {
				"player":  {
					"player": {
						"advancements": {
							"blazeandcave:mining/delicious_hot_schmoes": "true"
						}
					}
				}
			}
        }
    }
}