{
    "display": {
        "icon": {
            "item": "minecraft:nether_star"
        },
        "title": {"translate":"Constellation"},
        "description": {"translate":"Collect 64 nether stars"},
		"frame": "challenge"
    },
    "parent": "blazeandcave:challenges/the_world_is_ending",
	"rewards": {
		"experience": 200,
		"function": "bc_rewards:challenges/warlock"
    },		
    "criteria": {
        "nether_star": {
            "trigger": "minecraft:inventory_changed",
            "conditions": {
                "items": [
                    {
                        "item": "minecraft:nether_star",
						"count": 64
                    }
                ]
            }
        }
    }
}