{
    "display": {
        "icon": {
            "item": "minecraft:shears"
        },
        "title": {"translate":"Have a Shearful Day"},
        "description": {"translate":"Use two iron ingots to craft shears"}
    },
    "parent": "blazeandcave:animal/mary_had_a_little_lamb",
	"rewards": {
		"function": "bc_rewards:animal/have_a_shearful_day"
    },		
    "criteria": {
        "shears": {
            "trigger": "minecraft:inventory_changed",
            "conditions": {
                "items": [
                    {
                        "item": "minecraft:shears"
                    }
                ]
            }
        }
    }
}