{
    "display": {
        "icon": {
            "item": "minecraft:wither_skeleton_skull"
        },
        "title": {"translate":"Camouflage"},
        "description": {"translate":"Kill a mob while wearing the same type of mob head"},
		"frame": "challenge"
    },
    "parent": "blazeandcave:combat/creepy_heads",
    "rewards": {
        "function": "bc_rewards:combat/camouflage"
    },		
    "criteria": {
        "creeper": {
            "trigger": "minecraft:player_killed_entity",
            "conditions": {
                "entity": {
                    "type": "creeper"
                },
                "killing_blow": {
                    "source_entity": {
                        "nbt": "{Inventory:[{Slot:103b,id:\"minecraft:creeper_head\"}]}"
                    }
                }
            }
        },
        "zombie": {
            "trigger": "minecraft:player_killed_entity",
            "conditions": {
                "entity": {
                    "type": "zombie"
                },
                "killing_blow": {
                    "source_entity": {
                        "nbt": "{Inventory:[{Slot:103b,id:\"minecraft:zombie_head\"}]}"
                    }
                }
            }
        },
        "skeleton": {
            "trigger": "minecraft:player_killed_entity",
            "conditions": {
                "entity": {
                    "type": "skeleton"
                },
                "killing_blow": {
                    "source_entity": {
                        "nbt": "{Inventory:[{Slot:103b,id:\"minecraft:skeleton_skull\"}]}"
                    }
                }
            }
        },
        "wither_skeleton": {
            "trigger": "minecraft:player_killed_entity",
            "conditions": {
                "entity": {
                    "type": "wither_skeleton"
                },
                "killing_blow": {
                    "source_entity": {
                        "nbt": "{Inventory:[{Slot:103b,id:\"minecraft:wither_skeleton_skull\"}]}"
                    }
                }
            }
        },
        "ender_dragon": {
            "trigger": "minecraft:player_killed_entity",
            "conditions": {
                "entity": {
                    "type": "ender_dragon"
                },
                "killing_blow": {
                    "source_entity": {
                        "nbt": "{Inventory:[{Slot:103b,id:\"minecraft:dragon_head\"}]}"
                    }
                }
            }
        }	
    },
    "requirements": [
		[
        "creeper",
        "zombie",
		"skeleton",
		"wither_skeleton",
		"ender_dragon"
		]
    ]
}