{
    "display": {
        "icon": {
            "item": "minecraft:jack_o_lantern"
        },
        "title": {"translate":"Handsome Jack"},
        "description": {"translate":"Defeat a mob wearing a Jack o' Lantern on Halloween"},
		"frame": "challenge",
		"hidden": "true"
    },
    "parent": "blazeandcave:combat/trick_or_treat",
    "rewards": {
        "function": "bc_rewards:combat/handsome_jack",
		"experience": 100
    },		
    "criteria": {
        "zombie": {
            "trigger": "minecraft:player_killed_entity",
            "conditions": {
                "entity": {
                    "type": "zombie",
					"nbt": "{ArmorItems:[{},{},{},{id:\"minecraft:jack_o_lantern\",Count:1b}]}"
                }
            }
        },
        "zombie_villager": {
            "trigger": "minecraft:player_killed_entity",
            "conditions": {
                "entity": {
                    "type": "zombie_villager",
					"nbt": "{ArmorItems:[{},{},{},{id:\"minecraft:jack_o_lantern\",Count:1b}]}"
                }
            }
        },
        "zombified_piglin": {
            "trigger": "minecraft:player_killed_entity",
            "conditions": {
                "entity": {
                    "type": "zombified_piglin",
					"nbt": "{ArmorItems:[{},{},{},{id:\"minecraft:jack_o_lantern\",Count:1b}]}"
                }
            }
        },
        "husk": {
            "trigger": "minecraft:player_killed_entity",
            "conditions": {
                "entity": {
                    "type": "husk",
					"nbt": "{ArmorItems:[{},{},{},{id:\"minecraft:jack_o_lantern\",Count:1b}]}"
                }
            }
        },
        "drowned": {
            "trigger": "minecraft:player_killed_entity",
            "conditions": {
                "entity": {
                    "type": "drowned",
					"nbt": "{ArmorItems:[{},{},{},{id:\"minecraft:jack_o_lantern\",Count:1b}]}"
                }
            }
        },
        "skeleton": {
            "trigger": "minecraft:player_killed_entity",
            "conditions": {
                "entity": {
                    "type": "skeleton",
					"nbt": "{ArmorItems:[{},{},{},{id:\"minecraft:jack_o_lantern\",Count:1b}]}"
                }
            }
        },
        "wither_skeleton": {
            "trigger": "minecraft:player_killed_entity",
            "conditions": {
                "entity": {
                    "type": "wither_skeleton",
					"nbt": "{ArmorItems:[{},{},{},{id:\"minecraft:jack_o_lantern\",Count:1b}]}"
                }
            }
        },
        "stray": {
            "trigger": "minecraft:player_killed_entity",
            "conditions": {
                "entity": {
                    "type": "zombie",
					"nbt": "{ArmorItems:[{},{},{},{id:\"minecraft:jack_o_lantern\",Count:1b}]}"
                }
            }
        }		
    },
	"requirements": [
		[
		"zombie",
		"zombie_villager",
		"zombified_piglin",
		"husk",
		"drowned",
		"skeleton",
		"wither_skeleton",
		"stray"
		]
	]
}