{
    "display": {
        "icon": {
            "item": "minecraft:splash_potion",
			"nbt": "{Potion:\"minecraft:poison\"}"
        },
        "title": {"translate":"Taste of your own medicine"},
        "description": {"translate":"Kill a witch with a splash potion"},
		"frame": "challenge"
    },
    "parent": "blazeandcave:combat/witch",
	"rewards": {
		"experience": 50,
		"function": "bc_rewards:combat/taste_of_your_own_medicine"
    },	
    "criteria": {
        "kill_magic": {
            "trigger": "minecraft:player_killed_entity",
            "conditions": {
				"entity": {
					"type": "witch"
				},
				"killing_blow": {
					"is_magic": "true",
					"direct_entity": {
						"type": "minecraft:potion"
					}
				}
            }
        }
    }
}