{
    "display": {
        "icon": {
            "item": "minecraft:player_head",
			"nbt": "{SkullOwner:\"Dinnerbone\"}"
        },
        "title": {"translate":"What's Up, Doc?"},
        "description": {"translate":"Turn a mob upside-down"}
    },
    "parent": "blazeandcave:adventure/i_just_want_to_make_toast",
	"rewards": {
		"function": "bc_rewards:adventure/whats_up_doc"
    },		
    "criteria": {
		"name_tag": {
			"trigger": "minecraft:player_interacted_with_entity",
			"conditions": {
				"item": {
					"item": "minecraft:name_tag",
					"nbt": "{display:{Name:\"{\\\"text\\\":\\\"Dinnerbone\\\"}\"}}"
				}
			}
		},
		"name_tag_grumm": {
			"trigger": "minecraft:player_interacted_with_entity",
			"conditions": {
				"item": {
					"item": "minecraft:name_tag",
					"nbt": "{display:{Name:\"{\\\"text\\\":\\\"Grumm\\\"}\"}}"
				}
			}
		}
    },
	"requirements": [
		[
			"name_tag",
			"name_tag_grumm"
		]
	]
}